City_ID,City,Cloudiness,Country,Datetime,Humidity,Lat,Lng,Max Temp,Wind Speed
0,bredasdorp,100,ZA,1639906515,64,-34.5322,20.0403,25.71,3.6
1,hay river,75,CA,1639906516,76,60.8156,-115.7999,-26.01,2.06
2,islahiye,100,TR,1639906516,95,37.025,36.6306,7.88,1.29
3,busselton,0,AU,1639906517,50,-33.65,115.3333,27.27,5.99
4,port macquarie,97,AU,1639906518,84,-31.4333,152.9167,25.98,6.54
5,ushuaia,40,AR,1639906519,52,-54.8,-68.3,5.81,16.46
6,hobart,75,AU,1639906227,57,-42.8794,147.3294,13.92,0.45
7,east london,0,ZA,1639906520,60,-33.0153,27.9116,24.52,8.23
8,urusha,100,RU,1639906521,100,54.05,122.9,-23.75,0.92
9,segou,10,ML,1639906522,11,13.4317,-6.2157,28.8,7.53
10,lompoc,1,US,1639906523,86,34.6391,-120.4579,11.07,1.54
11,vardo,100,NO,1639906523,78,70.3705,31.1107,-2.47,7.88
12,nikolskoye,100,RU,1639906524,93,59.7035,30.7861,-0.34,4.4
13,port elizabeth,0,ZA,1639906525,60,-33.918,25.5701,30.05,5.14
14,torbay,75,CA,1639906526,75,47.6666,-52.7314,-4.68,10.8
15,thompson,90,CA,1639906526,77,55.7435,-97.8558,-23.91,2.57
16,rikitea,100,PF,1639906527,76,-23.1203,-134.9692,24.61,6.13
17,barrow,75,US,1639906528,77,71.2906,-156.7887,-20.99,4.12
18,san cristobal,99,VE,1639906529,90,7.7669,-72.225,19.53,0.99
19,zheleznodorozhnyy,100,RU,1639906459,100,55.7503,38.0042,-0.71,2.72
20,gat,1,IL,1639906530,40,31.61,34.7642,17.1,8.35
21,punta arenas,75,CL,1639906328,57,-53.15,-70.9167,7.06,6.69
22,bachaquero,94,VE,1639906531,79,9.9694,-71.1494,24.93,3.29
23,leningradskiy,100,RU,1639906532,94,69.3833,178.4167,-21.6,7.98
24,bethel,90,US,1639906533,91,41.3712,-73.414,5.32,2.06
25,vaini,20,TO,1639906534,94,-21.2,-175.2,27.09,2.57
26,atuona,7,PF,1639906535,74,-9.8,-139.0333,25.31,6.36
27,vila,43,PT,1639906536,77,42.0304,-8.1588,4.28,2.05
28,kodiak,82,US,1639906359,80,57.79,-152.4072,-0.51,3.53
29,alice springs,30,AU,1639906537,12,-23.7,133.8833,39.75,7.2
30,bulnes,0,CL,1639906538,71,-36.7423,-72.2985,12.49,2.65
31,ilulissat,99,GL,1639906538,64,69.2167,-51.1,-0.99,4.12
32,nanortalik,100,GL,1639906539,77,60.1432,-45.2371,2.79,9.09
34,hilo,90,US,1639906541,46,19.7297,-155.09,21.55,4.63
35,butaritari,73,KI,1639906541,80,3.0707,172.7902,27.73,6.7
36,coquimbo,90,CL,1639906286,94,-29.9533,-71.3436,14.85,3.09
37,baihar,0,IN,1639906543,12,22.1,80.55,21.88,2.63
38,sitka,75,US,1639906543,74,57.0531,-135.33,-2.06,2.57
39,cape town,0,ZA,1639906206,57,-33.9258,18.4232,26.82,1.79
40,asfi,13,MA,1639906545,68,32.2994,-9.2372,18.92,7.04
41,saint-philippe,51,RE,1639906545,77,-21.3585,55.7679,30.77,1.66
43,sola,90,VU,1639906547,94,-13.8833,167.55,26.37,0.0
44,fortuna,90,US,1639906548,79,40.5982,-124.1573,11.06,0.89
45,duluth,90,US,1639906375,84,46.7833,-92.1066,-10.41,1.79
46,kaitangata,86,NZ,1639906549,65,-46.2817,169.8464,17.29,2.45
47,albany,100,US,1639906550,88,42.6001,-73.9662,2.51,6.19
48,saint george,1,US,1639906338,80,37.1041,-113.5841,1.26,0.0
50,mar del plata,0,AR,1639906612,90,-38.0023,-57.5575,19.93,5.36
51,dingle,100,PH,1639906613,89,10.9995,122.6711,25.79,3.04
52,xuddur,79,SO,1639906613,39,4.1213,43.8894,31.16,7.45
53,arica,90,CL,1639906614,68,-18.475,-70.3042,19.13,2.06
54,grand gaube,13,MU,1639906615,64,-20.0064,57.6608,30.22,3.58
55,mataura,74,NZ,1639906616,52,-46.1927,168.8643,19.15,3.81
56,victoria,100,HK,1639906439,54,22.2855,114.1577,20.03,0.89
57,viedma,6,AR,1639906617,65,-40.8135,-62.9967,20.57,2.23
58,eagle pass,100,US,1639906551,81,28.7091,-100.4995,8.47,6.42
59,canmore,82,CA,1639906551,85,51.0834,-115.3521,-10.29,0.51
60,lagoa,67,PT,1639906619,76,39.05,-27.9833,15.8,3.54
61,georgetown,20,MY,1639906620,83,5.4112,100.3354,27.96,0.89
62,orel-izumrud,75,RU,1639906621,49,43.4583,39.9244,8.01,3.0
63,hasaki,0,JP,1639906622,34,35.7333,140.8333,4.22,3.35
64,sao joao da barra,50,BR,1639906623,82,-21.6403,-41.0511,23.05,3.98
65,dikson,94,RU,1639906624,96,73.5069,80.5464,-32.69,2.11
66,cidreira,89,BR,1639906625,72,-30.1811,-50.2056,21.41,7.88
67,huarmey,53,PE,1639906625,93,-10.0681,-78.1522,18.63,3.02
68,port blair,75,IN,1639906626,72,11.6667,92.75,27.62,4.4
69,bluff,67,NZ,1639906627,67,-46.6,168.3333,19.33,6.81
70,hermanus,97,ZA,1639906628,63,-34.4187,19.2345,27.72,5.21
73,kiama,100,AU,1639906630,53,-34.6833,150.8667,26.88,5.81
74,garowe,14,SO,1639906630,29,8.4054,48.4845,31.46,5.41
75,vanimo,56,PG,1639906631,86,-2.6741,141.3028,27.41,4.26
76,yellowknife,1,CA,1639906632,77,62.456,-114.3525,-30.33,1.54
77,makat,100,KZ,1639906633,80,47.6469,53.3463,2.53,7.3
78,ponta do sol,90,PT,1639906633,88,32.6667,-17.1,19.45,6.01
79,wahpeton,40,US,1639906634,85,46.2652,-96.6059,-12.81,7.72
80,high level,90,CA,1639906635,84,58.5169,-117.136,-22.94,0.0
81,pevek,100,RU,1639906636,88,69.7008,170.3133,-24.19,2.21
82,pontivy,6,FR,1639906637,84,48.0,-3.0,4.58,5.24
83,severo-kurilsk,100,RU,1639906637,92,50.6789,156.125,-1.86,3.31
84,betioky,87,MG,1639906638,43,-23.7167,44.3833,28.14,5.33
85,biak,76,ID,1639906639,80,-0.9131,122.8766,26.61,1.06
86,puerto ayora,61,EC,1639906640,97,-0.7393,-90.3518,20.31,0.45
87,acapulco,20,MX,1639906640,94,16.8634,-99.8901,22.9,1.03
88,birao,3,CF,1639906641,15,10.2849,22.7882,31.13,4.52
89,guerrero negro,0,MX,1639906597,45,27.9769,-114.0611,12.84,2.41
90,port hardy,20,CA,1639906551,100,50.6996,-127.4199,5.0,1.54
91,zhigansk,72,RU,1639906561,99,66.7697,123.3711,-46.01,1.69
92,paita,97,PE,1639906644,83,-5.0892,-81.1144,19.91,4.14
93,vestmanna,90,FO,1639906645,93,62.1564,-7.1664,5.51,3.6
94,mahebourg,40,MU,1639906645,62,-20.4081,57.7,30.16,4.12
95,katsuura,0,JP,1639906646,63,35.1333,140.3,10.66,5.74
96,hithadhoo,98,MV,1639906647,71,-0.6,73.0833,28.14,1.63
97,luderitz,44,NA,1639906648,63,-26.6481,15.1594,20.68,5.23
98,iqaluit,90,CA,1639906649,71,63.7506,-68.5145,-14.15,2.68
99,port alfred,100,ZA,1639906649,63,-33.5906,26.891,24.47,8.55
100,saurimo,90,AO,1639906710,68,-9.6608,20.3916,23.18,4.12
101,rovenki,100,UA,1639906711,68,48.0833,39.3776,-0.14,9.64
102,camacha,20,PT,1639906712,82,33.0833,-16.3333,17.68,8.75
103,khandyga,96,RU,1639906713,98,62.6667,135.6,-43.07,0.81
104,clyde river,100,CA,1639906713,85,70.4692,-68.5914,-14.87,2.57
105,qaanaaq,79,GL,1639906714,67,77.484,-69.3632,-10.33,4.01
106,antofagasta,98,CL,1639906525,86,-23.65,-70.4,17.6,1.77
107,ondarroa,0,ES,1639906716,73,43.3167,-2.4167,9.66,3.15
108,changtu,2,CN,1639906717,64,42.7788,124.0955,-5.68,2.5
109,kavaratti,23,IN,1639906718,60,10.5669,72.642,27.96,2.81
111,tiksi,100,RU,1639906719,100,71.6872,128.8694,-26.56,2.5
112,vilyuysk,97,RU,1639906720,100,63.7553,121.6247,-41.47,1.37
113,esperance,2,AU,1639906720,63,-33.8667,121.9,20.91,4.37
114,souillac,40,MU,1639906721,62,-20.5167,57.5167,30.21,4.12
116,yarim,9,YE,1639906723,23,14.298,44.3779,20.17,2.57
117,moose factory,1,CA,1639906723,84,51.2585,-80.6094,-24.0,2.57
118,isla vista,1,US,1639906724,67,34.4133,-119.861,14.51,0.0
119,kingman,1,US,1639906725,49,35.1894,-114.053,4.71,4.47
120,lasa,1,IT,1639906726,70,46.6166,10.7002,3.49,2.81
121,arraial do cabo,40,BR,1639906727,83,-22.9661,-42.0278,22.92,2.57
122,progreso,43,MX,1639906728,92,21.2833,-89.6667,23.39,3.21
123,chokurdakh,88,RU,1639906728,99,70.6333,147.9167,-37.01,0.97
124,plouzane,4,FR,1639906729,90,48.3833,-4.6167,7.27,7.72
125,sibu,40,MY,1639906730,94,2.3,111.8167,25.17,0.0
126,kahului,90,US,1639906583,89,20.8947,-156.47,22.69,5.66
127,norman wells,90,CA,1639906731,78,65.282,-126.8329,-17.98,0.0
128,choma,100,ZM,1639906475,79,-16.8065,26.9531,21.12,3.32
129,luanda,93,AO,1639906732,70,-8.8368,13.2343,27.95,0.98
130,castro,99,BR,1639906733,82,-24.7911,-50.0119,16.35,4.28
131,rio grande,0,BR,1639906734,70,-32.035,-52.0986,21.08,8.41
132,saskylakh,100,RU,1639906735,98,71.9167,114.0833,-21.53,3.92
133,tasiilaq,100,GL,1639906736,95,65.6145,-37.6368,-0.91,3.78
134,barentu,6,ER,1639906737,40,15.1139,37.5928,28.91,1.85
135,faanui,98,PF,1639906737,73,-16.4833,-151.75,26.8,4.39
136,hirara,40,JP,1639906738,59,24.8,125.2833,17.92,3.09
137,at-bashi,76,KG,1639906739,58,41.1702,75.8106,-3.98,0.26
138,khingansk,100,RU,1639906740,100,49.1167,131.1833,-23.24,0.81
139,avarua,75,CK,1639906740,73,-21.2078,-159.775,26.03,4.63
140,salinas,1,US,1639906622,90,36.6777,-121.6555,10.0,0.0
141,kirakira,100,SB,1639906742,89,-10.4544,161.9205,25.48,1.93
142,grindavik,90,IS,1639906743,93,63.8424,-22.4338,8.26,9.26
143,kenora,40,CA,1639906744,85,49.8167,-94.4337,-14.01,5.14
144,cabo san lucas,12,MX,1639906611,77,22.8909,-109.9124,20.53,2.51
145,izhma,93,RU,1639906745,97,65.0083,53.9113,-20.66,2.35
146,juneau,90,US,1639906517,96,58.3019,-134.4197,-2.66,0.0
147,kyra,100,RU,1639906746,72,49.5776,111.9753,-10.78,1.41
148,kuching,40,MY,1639906747,94,1.55,110.3333,24.12,2.57
149,ust-kuyga,100,RU,1639906748,98,70.0167,135.6,-33.24,1.54
150,aklavik,91,CA,1639906809,99,68.2191,-135.0107,-21.54,1.73
151,portland,90,US,1639906202,94,45.5234,-122.6762,3.54,0.0
152,rzhev,100,RU,1639906810,89,56.2624,34.3282,-0.07,5.66
153,biltine,6,TD,1639906811,18,14.5333,20.9167,26.97,2.57
154,gasa,2,PS,1639906702,46,31.5,34.4667,17.71,8.8
155,azanka,100,RU,1639906812,94,58.0401,64.7893,-7.74,3.27
158,tevaitoa,100,PF,1639906814,74,-16.7833,-151.5,26.77,4.47
159,aripuana,100,BR,1639906815,100,-9.1667,-60.6333,22.3,0.94
160,nemuro,26,JP,1639906815,50,43.3236,145.575,-9.76,3.76
161,vallenar,74,CL,1639906816,80,-28.5708,-70.7581,16.13,1.09
162,cavalcante,81,BR,1639906817,86,-13.7975,-47.4583,22.31,0.4
163,la cruz,70,MX,1639906818,90,23.9167,-106.9,14.7,0.45
165,ahipara,29,NZ,1639906819,84,-35.1667,173.1667,15.06,1.61
166,eganville,60,CA,1639906820,84,45.5334,-77.0994,-10.37,3.64
167,taoudenni,37,ML,1639906821,14,22.6783,-3.9836,25.61,5.15
168,salalah,20,OM,1639906821,50,17.0151,54.0924,27.05,4.12
169,port hawkesbury,90,CA,1639906822,78,45.6169,-61.3485,-0.46,0.45
170,kapaa,75,US,1639906800,76,22.0752,-159.319,24.18,2.68
171,broken hill,17,AU,1639906823,23,-31.95,141.4333,27.84,9.77
172,gamba,97,GA,1639906824,67,-2.65,10.0,29.43,2.59
173,valley city,90,US,1639906571,85,46.9233,-98.0032,-11.45,7.72
174,kharp,96,RU,1639906825,99,66.8014,65.8081,-32.42,1.74
176,mount isa,90,AU,1639906827,78,-20.7333,139.5,24.87,11.32
177,rocha,0,UY,1639906827,81,-34.4833,-54.3333,17.57,4.3
178,santa rosa,88,PH,1639906828,91,14.3122,121.1114,26.73,4.86
179,mountain home,1,US,1639906829,100,43.133,-115.6912,-2.59,7.72
180,ulaanbaatar,40,MN,1639906830,49,47.9077,106.8832,-5.93,1.0
181,guaraniacu,20,BR,1639906830,76,-25.1008,-52.8781,18.46,2.63
182,khatanga,99,RU,1639906831,94,71.9667,102.5,-28.31,3.72
183,komsomolskiy,100,UZ,1639906832,42,40.4272,71.7189,7.64,0.0
184,chumikan,12,RU,1639906833,89,54.7183,135.315,-25.85,7.27
186,mbandaka,92,CD,1639906834,57,0.0487,18.2603,30.16,2.08
187,port hueneme,1,US,1639906835,40,34.1478,-119.1951,14.58,2.57
188,kavieng,100,PG,1639906836,77,-2.5744,150.7967,28.25,4.29
189,uyuni,90,BO,1639906836,68,-20.4597,-66.825,10.38,2.87
190,talnakh,91,RU,1639906837,93,69.4865,88.3972,-35.68,0.97
191,new norfolk,56,AU,1639906838,54,-42.7826,147.0587,13.72,2.24
192,balabac,100,PH,1639906839,79,7.9868,117.0645,27.45,1.47
193,tazovskiy,57,RU,1639906840,99,67.4667,78.7,-40.57,2.41
194,de-kastri,6,RU,1639906840,96,51.4667,140.7833,-23.75,1.86
195,peachland,70,CA,1639906841,79,49.7665,-119.7357,-1.19,1.38
196,sebaco,8,NI,1639906842,95,12.8532,-86.0963,19.08,2.31
197,kargat,100,RU,1639906843,94,55.1956,80.2811,-10.79,5.6
198,belyy yar,0,RU,1639906843,78,53.6039,91.3903,-5.06,3.0
199,bathsheba,40,BB,1639906844,78,13.2167,-59.5167,26.34,10.29
200,hualmay,61,PE,1639906905,90,-11.0964,-77.6139,18.7,3.2
201,husavik,100,IS,1639906906,85,66.0449,-17.3389,2.95,6.13
202,aswan,0,EG,1639906700,41,24.0934,32.907,16.61,3.09
203,albert lea,90,US,1639906907,92,43.648,-93.3683,-7.94,4.12
204,bengkulu,100,ID,1639906908,83,-3.8004,102.2655,26.82,4.14
205,severnyy,90,RU,1639906909,93,50.677,36.5532,-0.98,8.0
206,mount gambier,40,AU,1639906910,51,-37.8333,140.7667,14.95,8.23
207,fairview,90,US,1639906910,89,40.8126,-73.999,7.37,3.09
208,sao filipe,98,CV,1639906911,70,14.8961,-24.4956,23.77,4.2
209,tuatapere,61,NZ,1639906913,76,-46.1333,167.6833,18.79,5.63
211,bardiyah,1,LY,1639906914,47,31.7561,25.0865,12.64,10.24
212,presidencia roque saenz pena,100,AR,1639906915,52,-26.7852,-60.4388,22.88,1.99
213,carnarvon,5,AU,1639906915,61,-24.8667,113.6333,27.04,10.29
214,brae,50,GB,1639906916,71,60.3964,-1.353,3.95,5.22
215,calamar,100,CO,1639906917,87,10.2511,-74.9146,24.97,1.83
216,ribeira grande,75,PT,1639906918,88,38.5167,-28.7,15.22,14.4
217,vanavara,26,RU,1639906919,99,60.34,102.2797,-40.04,0.76
218,grindsted,75,DK,1639906919,81,55.754,8.9123,8.28,8.23
219,bilibino,100,RU,1639906920,99,68.0546,166.4372,-22.93,1.2
221,jose de freitas,100,BR,1639906921,84,-4.7564,-42.5756,26.53,1.74
222,provideniya,100,RU,1639906922,96,64.3833,-173.3,-9.55,4.83
223,sur,89,OM,1639906923,47,22.5667,59.5289,24.72,3.63
224,mpika,100,ZM,1639906924,88,-11.8343,31.4529,18.88,0.94
226,jamestown,90,US,1639906925,94,42.097,-79.2353,-1.06,2.68
229,ler,70,SS,1639906927,18,8.3018,30.1418,34.19,3.23
230,mangrol,16,IN,1639906928,36,21.1167,70.1167,25.98,1.44
231,dauphin,90,CA,1639906929,78,51.1494,-100.0502,-14.92,3.09
232,laela,100,TZ,1639906930,72,-8.5667,32.05,21.85,0.68
233,marawi,76,PH,1639906931,98,7.9986,124.2928,23.14,1.6
234,chuy,0,UY,1639906931,73,-33.6971,-53.4616,19.49,4.55
235,deputatskiy,99,RU,1639906932,98,69.3,139.9,-36.81,1.68
236,los llanos de aridane,20,ES,1639906808,40,28.6585,-17.9182,19.86,2.06
238,bambous virieux,40,MU,1639906934,62,-20.3428,57.7575,30.14,4.12
239,lebu,45,CL,1639906935,91,-37.6167,-73.65,12.36,7.36
240,dudinka,91,RU,1639906936,100,69.4058,86.1778,-41.82,0.7
241,cherskiy,100,RU,1639906936,96,68.75,161.3,-29.58,0.86
242,yeppoon,0,AU,1639906937,73,-23.1333,150.7333,26.88,4.66
245,maceio,0,BR,1639906939,94,-9.6658,-35.7353,24.69,2.06
247,pisco,20,PE,1639906940,94,-13.7,-76.2167,17.23,1.54
248,opotiki,7,NZ,1639906941,90,-38.0833,177.2833,14.89,1.78
249,gewane,19,ET,1639906942,32,10.1664,40.6453,30.92,3.55
250,nueva germania,0,PY,1639907003,72,-23.9,-56.5667,25.84,2.09
251,codrington,64,AU,1639907004,57,-38.2667,141.9667,13.52,7.22
252,baft,100,IR,1639907004,34,29.234,56.6057,13.55,4.41
253,alugan,55,PH,1639907005,86,12.2188,125.4808,26.81,4.3
254,goderich,99,CA,1639907003,80,43.7501,-81.7165,-0.05,6.17
255,cayenne,40,GF,1639907006,85,4.9333,-52.3333,26.72,0.89
256,lalpur,11,IN,1639907007,12,22.2,69.9667,27.6,5.08
257,lazaro cardenas,98,MX,1639907008,81,17.9583,-102.2,23.33,1.11
258,nador,40,MA,1639907008,77,35.174,-2.9287,16.14,2.06
260,scarborough,99,GB,1639907010,94,54.2797,-0.4044,5.65,0.89
261,lavrentiya,100,RU,1639907010,96,65.5833,-171.0,-8.4,4.08
263,miri,40,MY,1639907012,70,4.4148,114.0089,30.08,2.06
264,toamasina,40,MG,1639907012,66,-18.1667,49.3833,31.0,5.66
265,aanekoski,95,FI,1639907013,100,62.6946,25.818,-0.64,4.45
266,ormara,3,PK,1639907014,59,25.2088,64.6357,21.38,2.62
267,sibenik,27,HR,1639907015,34,43.7272,15.9058,11.81,2.18
268,sampit,100,ID,1639907016,91,-2.5333,112.95,26.1,1.19
269,jalu,98,LY,1639907017,81,29.0331,21.5482,10.14,8.52
270,praia,90,CV,1639907018,94,14.9215,-23.5087,21.3,7.72
271,tocopilla,100,CL,1639907018,80,-22.092,-70.1979,19.08,1.77
272,mozarlandia,100,BR,1639907019,89,-14.7447,-50.5706,23.96,0.21
273,longyearbyen,90,SJ,1639906875,86,78.2186,15.6401,-4.09,3.09
274,berlevag,93,NO,1639907020,84,70.8578,29.0864,-3.27,6.97
275,asau,99,RO,1639907021,74,46.4333,26.4,5.22,4.13
276,moyale,95,KE,1639907022,50,3.5167,39.0584,27.11,5.83
277,severo-yeniseyskiy,14,RU,1639907023,99,60.3725,93.0408,-37.99,1.04
278,tuktoyaktuk,36,CA,1639907023,98,69.4541,-133.0374,-29.71,2.62
279,coihaique,73,CL,1639907024,81,-45.5752,-72.0662,13.34,1.03
280,nishihara,40,JP,1639907025,59,26.1842,127.7558,15.6,3.09
281,san andres,20,CO,1639907026,83,12.5847,-81.7006,27.01,4.12
282,sayyan,22,YE,1639907026,18,15.1718,44.3244,21.53,1.73
283,vila velha,90,BR,1639907027,86,-20.3297,-40.2925,23.3,1.79
284,penzance,72,GB,1639907028,84,50.1186,-5.5371,10.43,10.84
287,ust-omchug,77,RU,1639907030,100,61.15,149.6333,-41.6,1.01
288,vestmannaeyjar,75,IS,1639907031,93,63.4427,-20.2734,7.55,7.2
289,uvinza,96,TZ,1639907031,54,-5.1036,30.3911,28.4,2.48
290,katherine,79,AU,1639907032,43,-14.4667,132.2667,35.18,3.6
291,chimbote,65,PE,1639907033,93,-9.0853,-78.5783,18.06,2.57
292,misratah,69,LY,1639907034,48,32.3754,15.0925,14.36,10.06
293,freeport,90,US,1639907034,82,40.6576,-73.5832,7.79,4.02
294,vao,21,NC,1639907035,88,-22.6667,167.4833,25.11,7.58
295,itacare,99,BR,1639907036,86,-14.2775,-38.9967,24.7,1.6
296,tukrah,100,LY,1639907037,81,32.5341,20.5791,9.32,6.75
297,ugoofaaru,22,MV,1639907037,75,5.6667,73.0,27.59,3.54
298,talakan,98,RU,1639907038,100,50.3167,130.3667,-24.64,1.44
299,odweyne,53,SO,1639907039,30,9.4092,45.064,27.69,1.3
300,yar-sale,45,RU,1639907100,100,66.8333,70.8333,-33.21,3.55
301,makakilo city,1,US,1639907100,78,21.3469,-158.0858,23.18,2.57
302,sovetskiy,100,RU,1639907101,95,61.3614,63.5842,-17.15,4.04
303,hereford,19,GB,1639907102,96,52.0568,-2.7148,5.91,1.0
304,yumen,0,CN,1639907103,27,40.2833,97.2,-1.59,8.58
306,manzhouli,55,CN,1639907104,85,49.6,117.4333,-11.92,3.05
307,carauari,99,BR,1639907105,99,-4.8828,-66.8958,22.65,0.96
308,samana,58,DO,1639907106,72,19.2056,-69.3369,23.21,3.74
309,west plains,1,US,1639907106,83,36.7281,-91.8524,-1.54,1.79
310,hambantota,20,LK,1639907107,66,6.1241,81.1185,31.19,4.63
311,puerto ayacucho,88,VE,1639907108,89,5.6639,-67.6236,23.18,2.67
312,aras,90,ES,1639907109,100,42.5617,-2.356,0.24,1.03
314,denpasar,20,ID,1639907110,74,-8.65,115.2167,29.84,4.12
315,kula,100,TR,1639907111,73,38.5473,28.6498,4.06,3.7
316,calvinia,6,ZA,1639907111,37,-31.4707,19.776,26.35,2.07
317,isangel,90,VU,1639907112,89,-19.55,169.2667,27.06,1.54
318,linxia,87,CN,1639907113,47,35.6003,103.2064,-1.15,0.53
319,kharan,24,PK,1639907115,8,28.5833,65.4167,22.57,1.75
320,gizo,100,SB,1639907115,84,-8.103,156.8419,26.08,2.06
321,waipawa,33,NZ,1639907116,86,-41.4122,175.5153,16.35,3.62
322,the valley,6,AI,1639907117,70,18.217,-63.0578,26.17,11.51
323,camopi,98,GF,1639907118,100,3.1655,-52.3158,21.86,0.7
324,saldanha,53,ZA,1639907119,66,-33.0117,17.9442,25.03,3.1
325,bubaque,13,GW,1639907119,50,11.2833,-15.8333,24.96,8.55
327,pafos,75,CY,1639907121,67,34.7667,32.4167,16.95,10.29
328,ambon,91,ID,1639907121,74,-3.6954,128.1814,29.17,2.34
329,naze,10,JP,1639907122,55,28.3667,129.4833,13.51,5.38
330,tiznit,7,MA,1639907123,37,29.5833,-9.5,18.76,6.53
331,licheng,100,CN,1639907124,26,23.2955,113.8284,17.96,1.44
332,merrill,1,US,1639907124,85,45.1805,-89.6835,-8.32,0.0
333,xinzhi,100,CN,1639907125,37,36.4989,111.7047,2.96,1.13
334,mehamn,96,NO,1639907126,88,71.0357,27.8492,-2.57,6.18
335,lorengau,100,PG,1639907127,81,-2.0226,147.2712,28.06,5.35
336,kenai,20,US,1639907127,86,60.5544,-151.2583,-5.95,2.06
337,abu kamal,2,SY,1639907128,33,34.4506,40.9171,17.75,4.43
338,flin flon,100,CA,1639907129,92,54.7682,-101.865,-16.56,3.6
339,zalantun,5,CN,1639907130,85,48.0,122.7167,-14.1,2.46
340,roald,75,NO,1639907130,81,62.5833,6.1333,3.33,5.14
341,paamiut,100,GL,1639907131,81,61.994,-49.6678,0.45,4.42
342,mugur-aksy,52,RU,1639907132,66,50.35,90.5,-12.79,3.19
343,simao,11,CN,1639907133,69,22.7886,100.9748,15.82,1.08
344,hajos,15,HU,1639907133,66,46.3986,19.1206,6.15,7.84
345,portree,36,GB,1639907134,96,57.4129,-6.1942,3.07,2.18
346,komsomolets,87,KZ,1639907135,95,53.7453,62.0708,-5.59,3.0
347,sambava,37,MG,1639907136,64,-14.2667,50.1667,30.96,4.94
348,shahpura,0,IN,1639907137,11,27.3833,75.9667,20.63,3.48
349,glen avon,1,US,1639906882,49,34.0117,-117.4848,14.08,1.54
350,sao felix do xingu,100,BR,1639907198,100,-6.6447,-51.995,22.53,0.32
351,porto seguro,75,BR,1639907199,94,-16.4497,-39.0647,24.29,1.03
352,fomboni,80,KM,1639907199,68,-12.28,43.7425,27.6,0.54
353,narsaq,100,GL,1639907200,68,60.9167,-46.05,9.12,6.05
354,bacalar,46,MX,1639907201,96,18.6667,-88.3833,22.87,0.87
355,adrar,99,MR,1639907202,39,20.5022,-10.0711,23.49,7.11
356,zima,100,RU,1639907202,87,53.9202,102.0442,-10.22,4.66
357,kimbe,100,PG,1639907203,82,-5.5502,150.1429,25.85,0.93
358,nouadhibou,100,MR,1639907204,77,20.931,-17.0347,17.99,5.14
359,laguna,90,US,1639907205,95,38.421,-121.4238,7.09,1.54
360,vila praia de ancora,47,PT,1639907205,63,41.811,-8.8526,11.73,3.43
361,atar,100,MR,1639907206,53,20.5169,-13.0499,22.01,2.91
362,shebalino,100,RU,1639907207,85,51.2917,85.6772,-3.1,2.15
363,batagay-alyta,100,RU,1639907208,100,67.8006,130.4114,-29.46,0.38
364,filadelfia,90,US,1639907077,86,39.9523,-75.1638,9.08,2.24
365,airai,94,TL,1639907209,94,-8.9266,125.4092,18.2,0.35
366,deep river,87,CA,1639907129,75,46.1001,-77.4995,-10.14,3.56
367,havoysund,83,NO,1639907211,70,70.9963,24.6622,-2.51,6.81
368,termiz,74,UZ,1639907211,16,37.2242,67.2783,18.05,1.03
369,namibe,0,AO,1639907212,68,-15.1961,12.1522,23.35,3.6
370,takoradi,86,GH,1639907213,64,4.8845,-1.7554,29.17,3.47
371,mandera,99,KE,1639907214,41,3.9366,41.867,30.98,3.61
372,sembe,90,CG,1639907214,32,1.6481,14.5806,33.56,2.13
373,constantine,0,DZ,1639906922,87,36.365,6.6147,3.67,1.54
374,kruisfontein,26,ZA,1639907216,45,-34.0033,24.7314,28.82,5.48
375,antalaha,73,MG,1639907216,68,-14.9003,50.2788,29.77,4.67
376,tilichiki,11,RU,1639907217,96,60.4667,166.1,-26.6,2.72
377,te anau,99,NZ,1639907218,92,-45.4167,167.7167,13.9,3.98
378,fuquay-varina,100,US,1639907219,88,35.5843,-78.8,17.57,0.89
379,lexington,90,US,1639907043,81,37.9887,-84.4777,2.75,4.12
380,bela,0,IN,1639907220,24,25.9333,81.9833,19.55,5.1
381,richards bay,73,ZA,1639907221,65,-28.783,32.0377,22.37,4.22
382,quatre cocos,48,MU,1639907222,58,-20.2078,57.7625,30.06,3.0
383,moyobamba,100,PE,1639907222,99,-6.05,-76.9667,19.07,0.23
384,aguimes,20,ES,1639907223,64,27.9054,-15.4461,18.35,0.0
385,tual,80,ID,1639907224,69,-5.6667,132.75,29.38,1.12
386,honningsvag,79,NO,1639907225,67,70.9821,25.9704,-0.58,8.13
388,svarstad,10,NO,1639907226,32,59.399,9.9698,5.0,0.45
389,manicore,100,BR,1639907227,100,-5.8092,-61.3003,23.46,0.26
390,nadvoitsy,100,RU,1639907228,93,63.8667,34.3167,-11.62,4.37
392,nenjiang,79,CN,1639907229,99,49.1833,125.2167,-18.78,2.47
393,mizdah,61,LY,1639907230,51,31.4451,12.9801,11.64,4.87
394,constitucion,0,CL,1639907156,63,-35.3333,-72.4167,14.51,1.64
395,zabol,30,AF,1639907231,17,32.25,67.25,11.29,5.39
396,vila franca do campo,100,PT,1639907232,89,37.7167,-25.4333,15.11,5.26
397,zholymbet,100,KZ,1639907232,94,51.7433,71.7122,-1.87,6.25
398,milkovo,100,RU,1639907233,93,54.7167,158.6167,-18.72,0.97
399,nanakuli,1,US,1639907234,78,21.3906,-158.1547,23.97,2.57
400,faya,18,SA,1639907295,39,18.3851,42.4509,23.06,3.3
401,vetluzhskiy,100,RU,1639907295,94,58.3902,45.4654,-8.24,2.89
402,bonavista,100,CA,1639907296,74,48.6499,-53.1147,-4.38,13.81
403,verkhnyaya sinyachikha,100,RU,1639907297,94,57.976,61.6673,-6.5,3.08
404,gazanjyk,0,TM,1639907298,38,39.2446,55.5154,17.29,2.37
405,wanaka,100,NZ,1639907298,89,-44.7,169.15,12.1,3.96
406,chililabombwe,99,ZM,1639907299,67,-12.3648,27.8229,24.46,2.04
407,cordoba,0,AR,1639907126,76,-31.4135,-64.1811,23.2,0.45
408,livani,94,LV,1639907300,82,56.3543,26.1758,1.16,4.49
409,san jose,1,US,1639907145,79,37.3394,-121.895,8.48,0.0
410,whitianga,0,NZ,1639907302,83,-36.8333,175.7,15.57,3.58
411,alofi,20,NU,1639907303,83,-19.0595,-169.9187,25.94,4.12
412,peterhead,100,GB,1639907303,85,57.5058,-1.7981,4.22,4.29
413,mae hong son,20,TH,1639907304,42,19.3003,97.9685,29.08,1.54
414,dehloran,18,IR,1639907305,71,32.6941,47.2679,17.87,4.58
415,bilma,5,NE,1639907306,20,18.6853,12.9164,19.8,6.48
416,kiruna,75,SE,1639907306,93,67.8557,20.2251,-3.49,3.6
417,ulladulla,100,AU,1639907307,66,-35.35,150.4667,25.61,4.73
418,kutum,87,SD,1639907308,21,14.2,24.6667,21.57,3.37
419,ranot,100,TH,1639907309,83,7.7777,100.3213,25.31,4.15
420,san luis,0,AR,1639907309,47,-33.295,-66.3356,24.37,3.4
421,samarai,41,PG,1639907310,72,-10.6167,150.6667,27.86,3.9
422,geraldton,0,AU,1639907311,64,-28.7667,114.6,23.23,9.77
423,talaya,85,RU,1639907312,100,61.3833,152.75,-42.42,0.7
424,edd,5,ER,1639907313,48,13.9297,41.6925,31.15,7.65
425,mogadishu,75,SO,1639907193,74,2.0371,45.3438,30.93,9.26
426,shelburne,99,CA,1639907314,89,44.0787,-80.2041,-4.58,4.1
427,broome,90,US,1639907315,77,42.2506,-75.833,-0.46,2.24
428,morros,100,BR,1639907315,84,-9.4467,-46.3003,23.55,0.42
429,ancud,17,CL,1639907316,95,-41.8697,-73.8203,12.46,1.67
430,pacific grove,75,US,1639907251,86,36.6177,-121.9166,9.78,0.45
431,ketchikan,1,US,1639907317,80,55.3422,-131.6461,-1.74,3.6
432,urengoy,52,RU,1639907318,99,65.9667,78.3667,-41.5,2.07
433,nong chik,100,TH,1639907319,92,6.8436,101.178,23.21,1.85
434,raudeberg,100,NO,1639907320,80,61.9875,5.1352,3.37,4.02
435,port-cartier,100,CA,1639907320,83,50.0334,-66.8654,-14.03,2.08
438,blacksburg,90,US,1639907035,80,37.2296,-80.4139,10.09,2.06
439,vilhena,75,BR,1639907323,100,-12.7406,-60.1458,22.12,4.63
440,sainte-rose,20,GP,1639907324,94,16.3324,-61.6979,23.43,1.03
441,quelimane,75,MZ,1639907325,83,-17.8786,36.8883,24.97,5.36
442,lodja,88,CD,1639907325,41,-3.4833,23.4333,32.92,2.25
443,san policarpo,55,PH,1639907326,84,12.1791,125.5072,27.11,4.6
444,chemax,61,MX,1639907327,99,20.65,-87.9333,20.95,0.9
445,ube,75,JP,1639907328,53,33.9431,131.2511,8.46,2.06
446,ballybofey,11,IE,1639907328,95,54.8,-7.7833,4.86,1.18
447,oussouye,74,SN,1639907329,38,12.485,-16.5469,24.1,7.92
448,mujiayingzi,0,CN,1639907330,50,42.1167,118.7833,-2.82,4.83
449,wanning,100,CN,1639907331,89,18.8003,110.3967,19.16,7.6
450,laichingen,0,DE,1639907336,84,48.4894,9.6861,-0.1,1.35
451,nhulunbuy,100,AU,1639907392,66,-12.2333,136.7667,30.34,3.6
452,najran,8,SA,1639907393,14,17.4924,44.1277,27.36,1.84
453,fairbanks,90,US,1639907269,85,64.8378,-147.7164,-9.02,1.54
454,salina cruz,34,MX,1639907394,80,16.1667,-95.2,23.95,2.73
455,flinders,100,AU,1639907395,54,-34.5833,150.8552,26.21,3.58
456,upernavik,100,GL,1639907395,63,72.7868,-56.1549,-1.22,2.59
457,mayo,90,US,1639907396,68,38.8876,-76.5119,12.02,3.58
458,natal,40,BR,1639907397,78,-5.795,-35.2094,27.12,4.63
459,yangambi,86,CD,1639907398,75,0.8102,24.4336,27.74,1.25
461,siniscola,3,IT,1639907399,40,40.5719,9.6922,10.75,0.68
462,kampene,94,CD,1639907400,74,-3.6,26.6667,25.31,1.18
463,porto novo,69,BJ,1639907400,21,6.4965,2.6036,26.9,2.88
464,bayir,99,TR,1639907401,100,37.2687,28.2167,9.29,2.82
465,beloha,100,MG,1639907402,50,-25.1667,45.05,23.3,5.78
466,riyadh,98,SA,1639906670,21,24.6877,46.7219,26.08,3.21
467,priladozhskiy,100,RU,1639907403,91,59.85,31.4833,-0.48,4.83
468,batsfjord,98,NO,1639907404,88,70.6345,29.7185,-4.19,4.96
469,panaba,58,MX,1639907405,95,21.2833,-88.2667,21.25,1.73
470,oriximina,100,BR,1639907405,94,-1.7656,-55.8661,23.54,1.25
471,bosaso,20,SO,1639907406,74,11.2842,49.1816,26.99,3.6
472,watertown,90,US,1639907230,93,42.3709,-71.1828,6.64,0.89
474,san pedro,75,PH,1639907408,90,14.35,121.0167,26.31,1.54
475,pouso alegre,84,BR,1639907409,91,-22.23,-45.9364,17.44,1.14
476,imbituba,87,BR,1639907410,73,-28.24,-48.6703,21.57,3.55
477,coruripe,21,BR,1639907282,69,-10.1256,-36.1756,27.27,5.7
478,patiya,0,BD,1639907411,50,22.2931,91.9762,25.97,5.66
479,sidi ali,64,DZ,1639907412,55,36.0998,0.4206,13.39,2.55
480,la rioja,1,ES,1639907412,63,42.25,-2.5,-2.12,1.12
481,mandal,0,IN,1639907413,15,25.45,74.5667,19.97,1.6
482,haines junction,100,CA,1639907414,84,60.7522,-137.5108,-21.03,0.51
483,oktyabrskiy,100,RU,1639907415,96,54.4815,53.471,-3.37,2.2
484,poum,0,NC,1639907415,78,-20.2333,164.0167,26.47,4.86
485,agustin codazzi,100,CO,1639907416,71,10.0341,-73.2361,23.42,1.67
486,green river,15,US,1639907417,75,41.5286,-109.4662,-6.78,1.17
487,kokopo,100,PG,1639907418,83,-4.352,152.2633,25.85,1.35
488,akyab,1,MM,1639907419,58,20.15,92.9,24.7,4.04
489,grand-santi,83,GF,1639907419,100,4.25,-54.3833,21.81,0.95
490,guarapari,87,BR,1639907420,86,-20.6667,-40.4975,23.27,4.16
492,rwamagana,56,RW,1639907422,71,-1.9487,30.4347,21.69,1.84
493,teknaf,1,BD,1639907422,57,20.8624,92.3058,24.21,5.77
494,srednekolymsk,100,RU,1639907423,97,67.45,153.6833,-35.29,3.67
496,krasnyy chikoy,100,RU,1639907424,97,50.3643,108.7512,-12.03,0.87
497,longjiang,20,CN,1639907425,83,47.3303,123.1836,-13.94,2.77
498,kailua,75,US,1639907426,74,21.4022,-157.7394,23.99,5.14
499,veraval,13,IN,1639907427,41,20.9,70.3667,26.15,1.63
500,savannakhet,75,LA,1639907487,44,16.566,104.751,27.01,2.06
501,naraina,0,IN,1639907488,9,26.7833,75.2,21.08,1.33
502,medea,23,DZ,1639907489,56,36.2642,2.7539,5.25,1.83
503,rumoi,99,JP,1639907490,79,43.9344,141.6428,-2.99,4.33
505,atambua,91,ID,1639907491,82,-9.1061,124.8925,25.83,0.76
506,tura,0,IN,1639907492,52,25.5198,90.2201,20.72,2.33
507,saint-jean-de-luz,0,FR,1639907492,87,43.3891,-1.6581,11.21,1.03
508,tupik,100,RU,1639907493,97,54.4253,119.9327,-20.87,1.04
510,buritis,96,BR,1639907494,93,-15.6178,-46.4233,22.3,0.69
511,arrecife,20,ES,1639907495,77,28.963,-13.5477,19.04,1.54
512,okha,74,RU,1639907496,87,53.5739,142.9478,-19.74,6.14
513,wamba,11,NG,1639907497,20,8.9333,8.6,30.38,2.07
514,sibut,80,CF,1639907497,20,5.718,19.0739,33.77,2.47
515,san patricio,88,US,1639907498,56,28.017,-97.5169,12.69,6.53
517,mao,75,ES,1639907499,71,39.8885,4.2658,12.31,1.03
518,omboue,76,GA,1639907500,66,-1.5746,9.2618,30.36,2.0
519,siocon,39,PH,1639907501,88,7.7061,122.1353,26.75,3.82
520,dunedin,100,NZ,1639907502,66,-45.8742,170.5036,17.49,2.96
521,dalby,2,AU,1639907503,42,-27.1833,151.2667,25.39,3.37
522,karratha,6,AU,1639907503,28,-20.7377,116.8463,35.6,8.15
523,plainview,90,US,1639907504,83,40.7765,-73.4673,7.51,0.45
524,putina,100,PE,1639907505,78,-15.4667,-69.4333,7.13,2.25
525,salme,0,NP,1639907506,35,28.0369,85.0942,14.16,2.32
526,acajutla,57,SV,1639907507,75,13.5928,-89.8275,25.67,1.8
527,parintins,99,BR,1639907507,96,-2.6283,-56.7358,23.5,1.06
528,ahuimanu,75,US,1639907508,77,21.4447,-157.8378,23.84,5.14
529,greystones,9,IE,1639907509,76,53.1408,-6.0631,6.32,0.43
531,diamantino,100,BR,1639907482,96,-14.4086,-56.4461,22.71,1.33
532,jinchang,100,CN,1639907511,24,38.4953,102.1739,-0.56,1.58
533,cabedelo,99,BR,1639907511,68,-6.9811,-34.8339,24.37,5.14
534,port-gentil,40,GA,1639907512,74,-0.7193,8.7815,29.98,3.6
535,impfondo,100,CG,1639907513,71,1.6381,18.0667,27.39,1.21
536,fort nelson,40,CA,1639907514,69,58.8053,-122.7002,-30.23,1.03
537,san francisco,75,US,1639907346,85,37.7749,-122.4194,7.79,0.45
538,cerritos,1,US,1639907396,81,33.8583,-118.0648,16.04,0.0
539,keuruu,65,FI,1639907516,87,62.2667,24.7,-0.67,4.84
540,kachiry,100,KZ,1639907516,91,53.0675,76.1036,-4.48,5.46
541,pocone,100,BR,1639907517,95,-16.2567,-56.6228,23.58,1.81
542,seoul,0,KR,1639907224,64,37.5683,126.9778,4.69,2.06
543,oranjemund,69,NA,1639907518,59,-28.55,16.4333,22.06,6.16
544,mabaruma,100,GY,1639907519,99,8.2,-59.7833,22.51,0.95
545,farmington,1,US,1639907520,79,36.7281,-108.2187,-7.62,2.57
546,jining,100,CN,1639907521,38,35.405,116.5814,6.73,2.2
547,zlate moravce,98,SK,1639907521,79,48.3855,18.4006,7.2,0.89
548,reconquista,98,AR,1639907522,80,-29.15,-59.65,21.8,3.34
549,oudtshoorn,12,ZA,1639907400,29,-33.5907,22.2014,22.2,3.51
550,labuhan,73,ID,1639907584,71,-6.8844,112.2051,29.4,3.03
551,manokwari,59,ID,1639907585,78,-0.8667,134.0833,27.91,3.33
552,halifax,100,CA,1639907093,79,44.6453,-63.5724,-1.97,1.54
553,cap estate,67,LC,1639907586,75,14.0833,-60.95,25.79,8.48
554,linguere,0,SN,1639907587,60,15.3953,-15.1193,24.12,5.66
555,kant,3,IN,1639907588,26,27.8,79.8,18.71,3.92
556,meiringen,0,CH,1639907588,87,46.7268,8.184,1.69,1.04
557,campos altos,100,BR,1639907589,97,-19.6961,-46.1714,17.37,2.67
559,novyy urgal,92,RU,1639907590,99,51.0736,132.5642,-31.21,0.56
560,mareeba,16,AU,1639907591,82,-17.0,145.4333,24.4,2.29
561,saint-augustin,0,CA,1639907592,66,51.226,-58.6502,-12.0,8.2
563,stornoway,90,GB,1639907593,92,58.2093,-6.3865,6.98,1.54
564,oyama,5,JP,1639907594,32,36.3,139.8,9.21,0.96
566,santa lucia,20,ES,1639907596,64,27.9117,-15.5407,15.62,0.0
567,krasnoselkup,47,RU,1639907596,99,65.7,82.4667,-40.92,1.39
568,changji,39,CN,1639907597,85,44.0167,87.3167,-13.56,2.0
569,westport,90,US,1639907445,95,41.1415,-73.3579,7.09,1.34
570,olutanga,46,PH,1639907599,73,7.3106,122.8464,28.47,1.32
571,herat,100,AF,1639907599,20,34.5,62.0,15.75,6.13
572,seredka,100,RU,1639907600,92,58.1584,28.1858,-0.14,5.92
573,aksu,20,CN,1639907601,38,41.1231,80.2644,0.37,0.53
574,cockburn town,53,TC,1639907602,62,21.4612,-71.1419,26.08,9.4
575,zambezi,100,ZM,1639907602,82,-13.5432,23.1047,22.39,2.02
576,toppenish,94,US,1639907603,93,46.3774,-120.3087,4.36,1.5
577,talara,100,PE,1639907604,83,-4.5772,-81.2719,20.6,6.14
578,varhaug,32,NO,1639907605,69,58.6147,5.6457,5.27,15.63
579,lincoln,1,US,1639907520,86,40.8,-96.667,-7.9,0.89
580,skagen,3,DK,1639907606,67,57.7209,10.5839,4.59,9.16
581,warrenville,90,US,1639907607,71,41.8178,-88.1734,-0.2,1.54
582,alyangula,40,AU,1639907608,66,-13.8483,136.4192,31.93,5.66
584,sarangani,55,PH,1639907609,76,5.4033,125.4636,29.06,8.25
585,akonolinga,78,CM,1639907610,25,3.7667,12.25,31.8,1.65
586,guarda,97,PT,1639907610,71,40.5373,-7.2658,3.92,2.11
587,tabriz,20,IR,1639907611,65,38.08,46.2919,5.7,2.06
588,mormugao,1,IN,1639907612,40,15.4,73.8,29.91,1.2
589,njinikom,71,CM,1639907613,29,6.2333,10.2833,26.76,1.06
590,poronaysk,62,RU,1639907614,96,49.2167,143.1167,-22.02,2.65
592,sept-iles,75,CA,1639907615,75,50.2001,-66.3821,-13.86,1.34
593,nelson bay,97,AU,1639907616,72,-32.7167,152.15,23.95,0.89
594,lake charles,90,US,1639907617,92,30.2131,-93.2044,12.99,6.17
595,ulaangom,68,MN,1639907617,95,49.9811,92.0667,-20.6,1.09
596,tamisan,87,PH,1639907618,86,6.8437,126.2984,26.73,4.2
597,keti bandar,6,PK,1639907619,15,24.1447,67.4497,25.22,2.23
598,ust-tsilma,62,RU,1639907620,98,65.441,52.1498,-26.23,2.12
600,gobabis,8,NA,1639907681,25,-22.45,18.9667,30.42,6.22
601,inverness,75,GB,1639907682,98,57.4791,-4.224,4.99,0.45
602,lashio,15,MM,1639907683,68,22.9333,97.75,20.27,0.82
603,gimli,100,CA,1639907684,78,50.6336,-96.9907,-14.2,9.77
604,conceicao do araguaia,100,BR,1639907684,96,-8.2578,-49.2647,23.28,1.5
605,forbes,100,AU,1639907685,68,-33.3833,148.0167,20.51,5.07
606,tautira,96,PF,1639907686,80,-17.7333,-149.15,25.01,6.04
607,thinadhoo,74,MV,1639907687,74,0.5333,72.9333,27.48,1.83
608,charters towers,0,AU,1639907687,65,-20.1,146.2667,26.07,9.01
609,alanya,99,TR,1639907688,65,36.5438,31.9998,10.07,11.0
610,anloga,81,GH,1639907689,45,5.7947,0.8973,27.12,4.02
611,ankpa,39,NG,1639907690,21,7.3706,7.6253,29.9,4.62
